first_name,last_name,email,gender,age,car,job,favourite_film
Callie,Skellington,cskellington0@yolasite.com,Female,54,Ford,Senior Editor,Comedy
Winston,Leif,wleif1@naver.com,Male,73,Renault,GIS Technical Architect,Drama
Tania,Eberst,teberst2@fotki.com,Female,26,Renault,Teacher,Comedy
Shamus,Jellings,sjellings3@twitter.com,Male,73,Renault,Quality Engineer,Thriller
Daryl,Birtonshaw,dbirtonshaw4@msu.edu,Male,61,Opel,Assistant Manager,Action
Micah,Hayden,mhayden5@washington.edu,Male,60,Renault,Software Consultant,Thriller
Benton,Osgordby,bosgordby6@whitehouse.gov,Male,22,Renault,Paralegal,Action
Orv,Gribbell,ogribbell7@biglobe.ne.jp,Male,42,Opel,Junior Executive,Comedy
Cherye,Whatford,cwhatford8@quantcast.com,Female,59,Mazda,Quality Control Specialist,Thriller
Abbey,Mustard,amustard9@vk.com,Male,63,Renault,Speech Pathologist,Thriller
Natalya,Bowser,nbowsera@diigo.com,Female,69,Ford,Assistant Manager,Drama
Selestina,Penrith,spenrithb@ca.gov,Female,47,Opel,Developer I,Thriller
Emmalyn,Siccombe,esiccombec@1und1.de,Female,79,Ford,Media Manager III,Thriller
Gian,Speerman,gspeermand@foxnews.com,Male,23,Renault,Geological Engineer,Thriller
Rheba,Aguirre,raguirree@narod.ru,Female,68,Mazda,Administrative Officer,Drama
Ian,Willden,iwilldenf@sakura.ne.jp,Male,77,Renault,Internal Auditor, Romance
Chandra,Rutter,crutterg@imdb.com,Female,48,Renault,Programmer Analyst I,Thriller
Edan,Upcott,eupcotth@networksolutions.com,Male,36,Renault,Human Resources Assistant IV,Comedy
Jillane,Cuss,jcussi@cmu.edu,Female,43,Renault,Senior Editor,Drama
